{"cameraMode":{"drawMode":0,"name":"Shaded","section":"Shading Mode"},"sceneLighting":true,"audioPlay":false,"sceneViewState":{"m_AlwaysRefresh":false,"showFog":true,"showSkybox":true,"showFlares":true,"showImageEffects":true,"showParticleSystems":true,"showVisualEffectGraphs":true,"m_FxEnabled":true},"in2DMode":false,"pivot":{"x":426.0643310546875,"y":1356.9647216796875,"z":6.725341796875},"rotation":{"x":0.011688677594065667,"y":0.0140953054651618,"z":0.00016707353643141687,"w":-0.9998355507850647},"size":551.6959228515625,"orthographic":false}